Id,Prediction
1,42
2,112
3,195
4,11
5,131
6,159
7,51
8,61
9,152
10,180
11,163
12,163
13,31
14,192
15,99
16,76
17,148
18,83
19,134
20,171
21,143
22,62
23,165
24,14
25,177
26,52
27,147
28,111
29,182
30,73
31,184
32,110
33,63
34,186
35,132
36,184
37,172
38,36
39,50
40,182
41,155
42,88
43,88
44,62
45,82
46,199
47,171
48,40
49,131
50,74
51,51
52,55
53,71
54,83
55,31
56,118
57,47
58,163
59,21
60,72
61,73
62,109
63,82
64,53
65,76
66,197
67,165
68,87
69,192
70,14
71,150
72,51
73,36
74,106
75,158
76,86
77,55
78,142
79,100
80,90
81,171
82,192
83,35
84,45
85,170
86,29
87,66
88,14
89,195
90,161
91,127
92,54
93,197
94,173
95,146
96,112
97,131
98,38
99,55
100,103
101,152
102,198
103,172
104,48
105,93
106,80
107,35
108,131
109,29
110,173
111,108
112,142
113,136
114,83
115,53
116,74
117,161
118,47
119,138
120,106
121,154
122,50
123,55
124,122
125,80
126,38
127,174
128,145
129,109
130,159
131,183
132,25
133,143
134,195
135,102
136,10
137,170
138,132
139,94
140,184
141,59
142,69
143,72
144,163
145,111
146,111
147,111
148,85
149,94
150,41
151,61
152,71
153,140
154,150
155,188
156,142
157,103
158,134
159,72
160,13
161,199
162,79
163,26
164,56
165,182
166,31
167,96
168,42
169,1
170,25
171,191
172,144
173,86
174,89
175,186
176,73
177,200
178,150
179,173
180,26
181,123
182,156
183,150
184,143
185,91
186,57
187,69
188,56
189,159
190,1
191,159
192,175
193,170
194,42
195,159
196,136
197,36
198,177
199,90
200,46
201,91
202,183
203,167
204,145
205,171
206,134
207,130
208,133
209,120
210,163
211,30
212,131
213,38
214,192
215,139
216,142
217,122
218,29
219,175
220,81
221,57
222,67
223,1
224,154
225,116
226,41
227,106
228,167
229,122
230,71
231,87
232,61
233,122
234,59
235,110
236,194
237,96
238,155
239,197
240,40
241,45
242,183
243,62
244,48
245,54
246,173
247,152
248,70
249,47
250,56
251,55
252,53
253,55
254,82
255,99
256,118
257,31
258,96
259,30
260,102
261,170
262,198
263,52
264,35
265,156
266,106
267,134
268,13
269,38
270,90
271,71
272,57
273,142
274,91
275,41
276,175
277,94
278,173
279,74
280,198
281,86
282,132
283,44
284,79
285,120
286,13
287,162
288,120
289,197
290,13
291,112
292,74
293,148
294,77
295,137
296,106
297,89
298,99
299,175
300,80
301,63
302,173
303,165
304,127
305,92
306,89
307,158
308,102
309,89
310,186
311,26
312,200
313,173
314,31
315,152
316,123
317,10
318,138
319,128
320,85
321,189
322,94
323,155
324,159
325,156
326,163
327,67
328,146
329,102
330,127
331,108
332,132
333,30
334,66
335,164
336,121
337,162
338,21
339,172
340,36
341,148
342,152
343,123
344,158
345,26
346,55
347,77
348,103
349,53
350,102
351,66
352,56
353,145
354,96
355,71
356,155
357,197
358,180
359,52
360,108
361,76
362,13
363,156
364,66
365,199
366,118
367,121
368,170
369,176
370,118
371,162
372,183
373,131
374,49
375,62
376,130
377,68
378,77
379,198
380,191
381,41
382,49
383,53
384,90
385,161
386,46
387,118
388,131
389,13
390,29
391,139
392,198
393,49
394,55
395,82
396,104
397,131
398,80
399,155
400,127
401,193
402,112
403,116
404,143
405,99
406,91
407,164
408,11
409,90
410,171
411,174
412,82
413,31
414,90
415,64
416,53
417,63
418,172
419,46
420,127
421,31
422,30
423,159
424,27
425,145
426,61
427,133
428,35
429,40
430,21
431,150
432,85
433,48
434,83
435,174
436,176
437,197
438,27
439,195
440,110
441,194
442,114
443,85
444,158
445,29
446,111
447,92
448,76
449,93
450,176
451,4
452,188
453,173
454,66
455,36
456,30
457,55
458,155
459,94
460,88
461,144
462,162
463,116
464,41
465,103
466,11
467,142
468,137
469,137
470,111
471,139
472,51
473,185
474,200
475,11
476,108
477,29
478,87
479,94
480,186
481,55
482,73
483,189
484,121
485,194
486,185
487,191
488,89
489,109
490,106
491,120
492,27
493,159
494,38
495,139
496,170
497,83
498,48
499,109
500,133
501,63
502,143
503,96
504,94
505,147
506,80
507,64
508,148
509,90
510,143
511,199
512,120
513,30
514,61
515,134
516,162
517,100
518,13
519,200
520,191
521,131
522,73
523,30
524,76
525,90
526,90
527,45
528,140
529,145
530,134
531,161
532,21
533,195
534,81
535,167
536,146
537,197
538,57
539,140
540,25
541,100
542,103
543,61
544,82
545,110
546,2
547,35
548,194
549,14
550,137
551,186
552,26
553,134
554,184
555,87
556,48
557,158
558,197
559,72
560,155
561,26
562,52
563,63
564,120
565,63
566,165
567,27
568,67
569,57
570,80
571,145
572,96
573,170
574,148
575,35
576,98
577,134
578,76
579,112
580,77
581,44
582,89
583,144
584,89
585,184
586,130
587,155
588,11
589,74
590,175
591,142
592,183
593,93
594,51
595,69
596,156
597,197
598,140
599,79
600,30
601,66
602,155
603,164
604,2
605,44
606,138
607,95
608,40
609,109
610,172
611,114
612,154
613,93
614,164
615,182
616,95
617,73
618,137
619,191
620,156
621,140
622,154
623,198
624,104
625,123
626,161
627,14
628,103
629,56
630,87
631,51
632,4
633,189
634,154
635,120
636,54
637,100
638,4
639,96
640,167
641,82
642,147
643,176
644,50
645,11
646,45
647,56
648,83
649,129
650,45
651,143
652,35
653,143
654,199
655,80
656,76
657,175
658,64
659,42
660,66
661,142
662,175
663,132
664,96
665,171
666,172
667,152
668,136
669,88
670,42
671,173
672,123
673,163
674,86
675,165
676,129
677,137
678,112
679,2
680,148
681,197
682,54
683,175
684,40
685,121
686,69
687,131
688,182
689,199
690,81
691,63
692,29
693,161
694,197
695,4
696,167
697,147
698,148
699,186
700,192
701,99
702,21
703,132
704,114
705,194
706,158
707,47
708,106
709,127
710,112
711,199
712,188
713,94
714,139
715,73
716,138
717,25
718,57
719,180
720,48
721,69
722,192
723,176
724,129
725,52
726,86
727,67
728,120
729,131
730,21
731,130
732,133
733,49
734,122
735,182
736,165
737,144
738,83
739,145
740,174
741,73
742,69
743,83
744,148
745,180
746,100
747,140
748,143
749,10
750,87
751,41
752,63
753,56
754,140
755,41
756,177
757,114
758,170
759,98
760,98
761,47
762,42
763,158
764,103
765,55
766,91
767,74
768,167
769,53
770,165
771,144
772,2
773,143
774,138
775,49
776,165
777,21
778,72
779,134
780,64
781,63
782,63
783,4
784,174
785,85
786,129
787,66
788,134
789,130
790,35
791,86
792,129
793,171
794,159
795,96
796,121
797,57
798,127
799,52
800,148
801,2
802,98
803,55
804,80
805,21
806,99
807,145
808,143
809,132
810,145
811,68
812,52
813,118
814,36
815,87
816,47
817,88
818,171
819,14
820,144
821,199
822,55
823,171
824,87
825,92
826,40
827,185
828,11
829,71
830,86
831,180
832,73
833,57
834,108
835,41
836,127
837,199
838,90
839,193
840,128
841,62
842,27
843,72
844,85
845,35
846,108
847,57
848,172
849,92
850,44
851,82
852,198
853,171
854,193
855,121
856,14
857,156
858,200
859,162
860,10
861,131
862,188
863,10
864,89
865,167
866,99
867,46
868,73
869,26
870,46
871,164
872,161
873,131
874,47
875,36
876,94
877,29
878,118
879,180
880,199
881,161
882,70
883,147
884,183
885,62
886,29
887,98
888,80
889,102
890,164
891,152
892,11
893,197
894,67
895,110
896,134
897,173
898,140
899,13
900,143
901,127
902,161
903,93
904,184
905,44
906,191
907,2
908,70
909,110
910,103
911,177
912,93
913,108
914,44
915,146
916,145
917,145
918,165
919,47
920,186
921,198
922,95
923,30
924,123
925,38
926,62
927,45
928,156
929,120
930,143
931,26
932,156
933,92
934,30
935,114
936,110
937,146
938,128
939,195
940,118
941,109
942,72
943,31
944,88
945,45
946,81
947,189
948,44
949,49
950,185
951,27
952,199
953,111
954,103
955,92
956,144
957,150
958,67
959,42
960,77
961,120
962,14
963,56
964,92
965,174
966,112
967,111
968,171
969,176
970,152
971,77
972,68
973,193
974,109
975,191
976,100
977,70
978,142
979,79
980,67
981,123
982,177
983,189
984,27
985,130
986,193
987,136
988,121
989,183
990,69
991,180
992,127
993,11
994,191
995,193
996,91
997,188
998,114
999,197
1000,47
1001,21
1002,114
1003,182
1004,14
1005,132
1006,103
1007,132
1008,130
1009,86
1010,69
1011,98
1012,170
1013,100
1014,72
1015,25
1016,88
1017,191
1018,199
1019,92
1020,38
1021,194
1022,138
1023,184
1024,87
1025,77
1026,108
1027,94
1028,91
1029,13
1030,183
1031,183
1032,114
1033,67
1034,72
1035,4
1036,163
1037,170
1038,163
1039,176
1040,108
1041,14
1042,11
1043,110
1044,52
1045,45
1046,96
1047,138
1048,112
1049,29
1050,127
1051,122
1052,133
1053,116
1054,35
1055,51
1056,129
1057,42
1058,55
1059,29
1060,69
1061,116
1062,154
1063,176
1064,111
1065,111
1066,154
1067,122
1068,40
1069,1
1070,29
1071,64
1072,130
1073,144
1074,94
1075,142
1076,103
1077,10
1078,112
1079,4
1080,57
1081,11
1082,195
1083,134
1084,70
1085,111
1086,186
1087,95
1088,123
1089,109
1090,171
1091,174
1092,73
1093,76
1094,76
1095,121
1096,95
1097,139
1098,4
1099,57
1100,172
1101,189
1102,53
1103,164
1104,173
1105,102
1106,148
1107,175
1108,118
1109,192
1110,48
1111,54
1112,70
1113,112
1114,69
1115,59
1116,100
1117,42
1118,87
1119,99
1120,145
1121,102
1122,167
1123,36
1124,106
1125,109
1126,11
1127,76
1128,89
1129,99
1130,81
1131,165
1132,11
1133,72
1134,194
1135,103
1136,150
1137,186
1138,143
1139,93
1140,163
1141,64
1142,27
1143,85
1144,38
1145,57
1146,159
1147,61
1148,67
1149,146
1150,62
1151,68
1152,174
1153,176
1154,92
1155,56
1156,46
1157,161
1158,74
1159,50
1160,193
1161,167
1162,46
1163,138
1164,69
1165,38
1166,111
1167,100
1168,114
1169,129
1170,4
1171,99
1172,62
1173,185
1174,72
1175,54
1176,158
1177,121
1178,90
1179,44
1180,176
1181,67
1182,31
1183,136
1184,165
1185,184
1186,48
1187,165
1188,100
1189,53
1190,94
1191,77
1192,53
1193,49
1194,38
1195,164
1196,186
1197,40
1198,89
1199,173
1200,85
1201,76
1202,81
1203,174
1204,176
1205,25
1206,88
1207,44
1208,68
1209,189
1210,172
1211,63
1212,100
1213,54
1214,175
1215,186
1216,132
1217,59
1218,82
1219,180
1220,54
1221,162
1222,98
1223,170
1224,14
1225,185
1226,162
1227,102
1228,67
1229,140
1230,186
1231,109
1232,56
1233,118
1234,176
1235,142
1236,82
1237,162
1238,189
1239,150
1240,59
1241,188
1242,92
1243,67
1244,142
1245,103
1246,79
1247,161
1248,92
1249,26
1250,63
1251,174
1252,57
1253,104
1254,163
1255,175
1256,120
1257,106
1258,38
1259,127
1260,193
1261,50
1262,31
1263,61
1264,89
1265,48
1266,130
1267,36
1268,134
1269,197
1270,118
1271,64
1272,198
1273,76
1274,2
1275,45
1276,118
1277,41
1278,114
1279,40
1280,74
1281,144
1282,74
1283,128
1284,159
1285,108
1286,147
1287,150
1288,156
1289,136
1290,120
1291,10
1292,42
1293,1
1294,177
1295,171
1296,109
1297,103
1298,164
1299,30
1300,189
1301,174
1302,63
1303,56
1304,110
1305,59
1306,29
1307,159
1308,109
1309,71
1310,200
1311,79
1312,92
1313,177
1314,143
1315,45
1316,132
1317,140
1318,45
1319,143
1320,133
1321,86
1322,59
1323,35
1324,79
1325,188
1326,155
1327,138
1328,192
1329,83
1330,175
1331,143
1332,31
1333,102
1334,194
1335,81
1336,165
1337,69
1338,142
1339,106
1340,25
1341,120
1342,103
1343,59
1344,55
1345,72
1346,167
1347,176
1348,163
1349,44
1350,48
1351,83
1352,143
1353,118
1354,154
1355,26
1356,26
1357,148
1358,195
1359,198
1360,90
1361,70
1362,66
1363,142
1364,49
1365,195
1366,155
1367,128
1368,102
1369,133
1370,71
1371,74
1372,194
1373,118
1374,45
1375,142
1376,38
1377,26
1378,155
1379,123
1380,11
1381,188
1382,100
1383,137
1384,197
1385,25
1386,85
1387,61
1388,154
1389,150
1390,139
1391,42
1392,49
1393,128
1394,193
1395,54
1396,99
1397,48
1398,191
1399,26
1400,173
1401,186
1402,69
1403,70
1404,66
1405,98
1406,95
1407,159
1408,193
1409,77
1410,163
1411,174
1412,177
1413,158
1414,164
1415,161
1416,66
1417,144
1418,82
1419,199
1420,127
1421,170
1422,186
1423,161
1424,139
1425,88
1426,176
1427,138
1428,134
1429,108
1430,158
1431,98
1432,108
1433,21
1434,136
1435,109
1436,167
1437,102
1438,93
1439,167
1440,88
1441,184
1442,56
1443,188
1444,92
1445,69
1446,182
1447,49
1448,87
1449,185
1450,194
1451,162
1452,159
1453,177
1454,63
1455,54
1456,25
1457,92
1458,136
1459,40
1460,108
1461,176
1462,199
1463,195
1464,93
1465,49
1466,145
1467,110
1468,42
1469,42
1470,63
1471,95
1472,183
1473,123
1474,80
1475,200
1476,138
1477,59
1478,180
1479,59
1480,38
1481,87
1482,31
1483,25
1484,40
1485,176
1486,172
1487,31
1488,64
1489,194
1490,112
1491,27
1492,189
1493,188
1494,108
1495,111
1496,41
1497,79
1498,55
1499,111
1500,188
1501,134
1502,13
1503,118
1504,118
1505,54
1506,70
1507,134
1508,57
1509,127
1510,98
1511,41
1512,26
1513,45
1514,158
1515,163
1516,86
1517,195
1518,26
1519,159
1520,46
1521,158
1522,89
1523,155
1524,137
1525,195
1526,47
1527,36
1528,79
1529,14
1530,35
1531,61
1532,195
1533,136
1534,138
1535,90
1536,100
1537,82
1538,104
1539,173
1540,26
1541,152
1542,154
1543,72
1544,163
1545,51
1546,88
1547,137
1548,198
1549,137
1550,67
1551,182
1552,191
1553,114
1554,111
1555,14
1556,56
1557,184
1558,49
1559,31
1560,49
1561,41
1562,73
1563,177
1564,4
1565,31
1566,104
1567,176
1568,64
1569,42
1570,100
1571,194
1572,182
1573,192
1574,87
1575,54
1576,52
1577,94
1578,129
1579,68
1580,139
1581,146
1582,70
1583,173
1584,172
1585,14
1586,130
1587,121
1588,53
1589,59
1590,174
1591,162
1592,92
1593,131
1594,10
1595,79
1596,95
1597,150
1598,82
1599,130
1600,94
1601,51
1602,57
1603,30
1604,102
1605,111
1606,138
1607,161
1608,159
1609,79
1610,94
1611,96
1612,89
1613,61
1614,156
1615,112
1616,140
1617,127
1618,194
1619,61
1620,88
1621,116
1622,98
1623,155
1624,139
1625,188
1626,131
1627,95
1628,176
1629,86
1630,183
1631,186
1632,188
1633,25
1634,71
1635,164
1636,167
1637,161
1638,182
1639,121
1640,159
1641,45
1642,87
1643,77
1644,198
1645,13
1646,127
1647,155
1648,129
1649,73
1650,172
1651,64
1652,62
1653,47
1654,106
1655,192
1656,182
1657,118
1658,88
1659,161
1660,174
1661,25
1662,161
1663,134
1664,162
1665,66
1666,25
1667,46
1668,171
1669,4
1670,25
1671,180
1672,62
1673,140
1674,77
1675,2
1676,77
1677,146
1678,59
1679,99
1680,184
1681,54
1682,173
1683,14
1684,147
1685,66
1686,148
1687,188
1688,140
1689,92
1690,112
1691,66
1692,73
1693,45
1694,96
1695,154
1696,67
1697,198
1698,89
1699,177
1700,95
1701,198
1702,53
1703,108
1704,156
1705,184
1706,128
1707,14
1708,104
1709,148
1710,137
1711,116
1712,91
1713,30
1714,90
1715,184
1716,152
1717,161
1718,185
1719,76
1720,74
1721,177
1722,121
1723,71
1724,130
1725,161
1726,177
1727,88
1728,192
1729,171
1730,50
1731,36
1732,163
1733,159
1734,27
1735,14
1736,152
1737,49
1738,99
1739,112
1740,154
1741,109
1742,103
1743,79
1744,156
1745,199
1746,54
1747,147
1748,152
1749,40
1750,54
1751,152
1752,91
1753,85
1754,116
1755,94
1756,180
1757,98
1758,144
1759,116
1760,162
1761,128
1762,199
1763,143
1764,194
1765,145
1766,54
1767,136
1768,2
1769,189
1770,150
1771,159
1772,167
1773,136
1774,89
1775,164
1776,57
1777,180
1778,89
1779,41
1780,81
1781,154
1782,44
1783,95
1784,41
1785,182
1786,177
1787,194
1788,68
1789,81
1790,54
1791,139
1792,36
1793,88
1794,57
1795,180
1796,111
1797,56
1798,52
1799,130
1800,183
1801,69
1802,189
1803,103
1804,109
1805,62
1806,111
1807,163
1808,47
1809,185
1810,93
1811,62
1812,139
1813,29
1814,198
1815,99
1816,91
1817,114
1818,31
1819,158
1820,81
1821,110
1822,194
1823,98
1824,93
1825,44
1826,38
1827,129
1828,49
1829,87
1830,185
1831,46
1832,45
1833,163
1834,69
1835,71
1836,21
1837,68
1838,138
1839,31
1840,102
1841,29
1842,164
1843,53
1844,91
1845,193
1846,38
1847,92
1848,114
1849,176
1850,189
1851,72
1852,53
1853,104
1854,83
1855,189
1856,83
1857,82
1858,155
1859,77
1860,88
1861,54
1862,91
1863,104
1864,129
1865,158
1866,82
1867,11
1868,56
1869,198
1870,138
1871,165
1872,14
1873,41
1874,172
1875,96
1876,98
1877,27
1878,127
1879,81
1880,63
1881,116
1882,200
1883,148
1884,47
1885,80
1886,158
1887,48
1888,193
1889,146
1890,55
1891,82
1892,189
1893,159
1894,145
1895,26
1896,118
1897,81
1898,14
1899,139
1900,91
1901,25
1902,150
1903,170
1904,51
1905,64
1906,177
1907,93
1908,136
1909,116
1910,85
1911,111
1912,71
1913,87
1914,150
1915,42
1916,111
1917,85
1918,96
1919,172
1920,79
1921,42
1922,63
1923,53
1924,80
1925,138
1926,111
1927,170
1928,54
1929,13
1930,165
1931,62
1932,155
1933,163
1934,176
1935,172
1936,104
1937,79
1938,83
1939,102
1940,50
1941,140
1942,158
1943,173
1944,44
1945,85
1946,197
1947,66
1948,99
1949,92
1950,2
1951,137
1952,109
1953,155
1954,46
1955,2
1956,85
1957,50
1958,152
1959,93
1960,146
1961,140
1962,10
1963,85
1964,156
1965,172
1966,71
1967,195
1968,138
1969,95
1970,74
1971,61
1972,67
1973,27
1974,71
1975,64
1976,79
1977,148
1978,170
1979,136
1980,197
1981,163
1982,88
1983,163
1984,114
1985,167
1986,120
1987,96
1988,158
1989,81
1990,186
1991,44
1992,195
1993,13
1994,53
1995,197
1996,46
1997,51
1998,134
1999,70
2000,120
2001,41
2002,13
2003,158
2004,139
2005,156
2006,50
2007,162
2008,130
2009,25
2010,51
2011,142
2012,79
2013,188
2014,185
2015,81
2016,186
2017,94
2018,54
2019,82
2020,13
2021,177
2022,191
2023,44
2024,95
2025,29
2026,165
2027,183
2028,14
2029,87
2030,93
2031,96
2032,61
2033,158
2034,142
2035,74
2036,191
2037,46
2038,95
2039,56
2040,164
2041,183
2042,106
2043,183
2044,122
2045,127
2046,189
2047,98
2048,170
2049,83
2050,85
2051,164
2052,182
2053,68
2054,47
2055,82
2056,132
2057,104
2058,76
2059,198
2060,35
2061,98
2062,161
2063,49
2064,81
2065,72
2066,95
2067,102
2068,73
2069,100
2070,147
2071,199
2072,118
2073,10
2074,147
2075,56
2076,114
2077,200
2078,103
2079,10
2080,143
2081,11
2082,136
2083,90
2084,188
2085,40
2086,99
2087,139
2088,108
2089,174
2090,36
2091,108
2092,194
2093,102
2094,1
2095,25
2096,193
2097,104
2098,88
2099,175
2100,142
2101,161
2102,171
2103,36
2104,197
2105,72
2106,195
2107,80
2108,4
2109,182
2110,118
2111,161
2112,106
2113,71
2114,120
2115,48
2116,25
2117,67
2118,199
2119,142
2120,25
2121,10
2122,143
2123,140
2124,46
2125,1
2126,82
2127,80
2128,35
2129,118
2130,68
2131,95
2132,59
2133,139
2134,74
2135,184
2136,185
2137,90
2138,90
2139,91
2140,143
2141,68
2142,77
2143,44
2144,131
2145,69
2146,148
2147,129
2148,26
2149,81
2150,38
2151,79
2152,129
2153,66
2154,134
2155,185
2156,158
2157,123
2158,177
2159,127
2160,86
2161,188
2162,163
2163,85
2164,144
2165,51
2166,147
2167,61
2168,53
2169,163
2170,172
2171,21
2172,184
2173,1
2174,128
2175,30
2176,49
2177,176
2178,165
2179,152
2180,31
2181,120
2182,80
2183,146
2184,142
2185,68
2186,50
2187,48
2188,85
2189,112
2190,38
2191,100
2192,94
2193,10
2194,123
2195,68
2196,91
2197,66
2198,71
2199,40
2200,71
2201,11
2202,95
2203,162
2204,158
2205,86
2206,59
2207,36
2208,69
2209,92
2210,42
2211,118
2212,85
2213,131
2214,109
2215,71
2216,64
2217,51
2218,155
2219,123
2220,144
2221,188
2222,185
2223,172
2224,80
2225,44
2226,120
2227,195
2228,103
2229,163
2230,68
2231,13
2232,73
2233,86
2234,4
2235,49
2236,85
2237,80
2238,164
2239,133
2240,74
2241,61
2242,55
2243,111
2244,177
2245,21
2246,192
2247,4
2248,111
2249,116
2250,162
2251,191
2252,155
2253,52
2254,132
2255,171
2256,69
2257,162
2258,189
2259,129
2260,118
2261,29
2262,189
2263,137
2264,89
2265,165
2266,134
2267,52
2268,173
2269,129
2270,56
2271,42
2272,155
2273,138
2274,30
2275,173
2276,73
2277,186
2278,131
2279,63
2280,175
2281,185
2282,62
2283,25
2284,51
2285,156
2286,145
2287,30
2288,47
2289,188
2290,106
2291,148
2292,1
2293,184
2294,71
2295,99
2296,133
2297,13
2298,74
2299,52
2300,133
2301,72
2302,44
2303,155
2304,54
2305,194
2306,13
2307,52
2308,90
2309,41
2310,128
2311,83
2312,137
2313,167
2314,195
2315,140
2316,71
2317,50
2318,79
2319,146
2320,100
2321,93
2322,144
2323,112
2324,185
2325,79
2326,120
2327,80
2328,129
2329,100
2330,176
2331,127
2332,48
2333,128
2334,49
2335,69
2336,152
2337,197
2338,185
2339,83
2340,91
2341,1
2342,25
2343,1
2344,36
2345,30
2346,89
2347,182
2348,108
2349,104
2350,152
2351,183
2352,2
2353,94
2354,131
2355,51
2356,93
2357,88
2358,188
2359,128
2360,100
2361,148
2362,200
2363,1
2364,55
2365,138
2366,2
2367,99
2368,55
2369,55
2370,74
2371,129
2372,87
2373,106
2374,121
2375,64
2376,147
2377,114
2378,4
2379,197
2380,1
2381,174
2382,111
2383,130
2384,150
2385,188
2386,87
2387,120
2388,27
2389,123
2390,192
2391,188
2392,127
2393,87
2394,188
2395,171
2396,120
2397,11
2398,186
2399,48
2400,170
2401,116
2402,54
2403,72
2404,150
2405,133
2406,10
2407,133
2408,74
2409,54
2410,130
2411,13
2412,200
2413,162
2414,10
2415,21
2416,27
2417,161
2418,64
2419,108
2420,42
2421,4
2422,133
2423,92
2424,26
2425,193
2426,67
2427,4
2428,121
2429,132
2430,128
2431,193
2432,156
2433,59
2434,180
2435,144
2436,4
2437,111
2438,108
2439,139
2440,198
2441,67
2442,2
2443,50
2444,70
2445,110
2446,111
2447,38
2448,29
2449,1
2450,68
2451,50
2452,49
2453,194
2454,36
2455,182
2456,57
2457,164
2458,133
2459,72
2460,48
2461,129
2462,11
2463,174
2464,59
2465,57
2466,54
2467,42
2468,66
2469,159
2470,108
2471,64
2472,129
2473,59
2474,41
2475,142
2476,85
2477,11
2478,131
2479,47
2480,159
2481,4
2482,26
2483,174
2484,175
2485,40
2486,108
2487,197
2488,26
2489,186
2490,42
2491,106
2492,86
2493,79
2494,63
2495,99
2496,129
2497,51
2498,73
2499,81
2500,94
2501,10
2502,192
2503,188
2504,69
2505,103
2506,180
2507,175
2508,74
2509,66
2510,86
2511,104
2512,132
2513,21
2514,63
2515,121
2516,70
2517,148
2518,131
2519,104
2520,14
2521,49
2522,185
2523,81
2524,2
2525,25
2526,185
2527,108
2528,152
2529,150
2530,152
2531,62
2532,127
2533,99
2534,175
2535,45
2536,36
2537,50
2538,52
2539,92
2540,76
2541,52
2542,140
2543,72
2544,186
2545,194
2546,66
2547,110
2548,2
2549,152
2550,50
2551,70
2552,38
2553,133
2554,164
2555,87
2556,72
2557,176
2558,109
2559,27
2560,171
2561,184
2562,68
2563,138
2564,29
2565,76
2566,41
2567,77
2568,88
2569,198
2570,122
2571,40
2572,104
2573,70
2574,106
2575,92
2576,116
2577,137
2578,68
2579,73
2580,81
2581,145
2582,11
2583,103
2584,100
2585,155
2586,173
2587,150
2588,150
2589,161
2590,138
2591,4
2592,194
2593,10
2594,74
2595,35
2596,70
2597,77
2598,182
2599,137
2600,40
2601,159
2602,192
2603,129
2604,150
2605,68
2606,139
2607,127
2608,177
2609,123
2610,53
2611,93
2612,90
2613,148
2614,152
2615,109
2616,87
2617,191
2618,51
2619,95
2620,71
2621,52
2622,90
2623,36
2624,44
2625,138
2626,64
2627,10
2628,29
2629,98
2630,131
2631,134
2632,130
2633,158
2634,92
2635,64
2636,199
2637,52
2638,67
2639,145
2640,106
2641,41
2642,68
2643,99
2644,176
2645,38
2646,76
2647,192
2648,104
2649,79
2650,81
2651,102
2652,70
2653,197
2654,165
2655,21
2656,21
2657,96
2658,30
2659,102
2660,46
2661,158
2662,138
2663,144
2664,129
2665,47
2666,128
2667,26
2668,112
2669,198
2670,148
2671,191
2672,109
2673,72
2674,46
2675,72
2676,155
2677,146
2678,128
2679,198
2680,121
2681,175
2682,47
2683,72
2684,31
2685,31
2686,191
2687,116
2688,94
2689,63
2690,81
2691,131
2692,71
2693,150
2694,87
2695,102
2696,53
2697,167
2698,59
2699,193
2700,88
2701,183
2702,164
2703,177
2704,184
2705,199
2706,118
2707,67
2708,114
2709,68
2710,13
2711,82
2712,127
2713,127
2714,10
2715,133
2716,110
2717,129
2718,110
2719,108
2720,180
2721,66
2722,146
2723,41
2724,175
2725,150
2726,183
2727,70
2728,62
2729,29
2730,146
2731,48
2732,162
2733,35
2734,194
2735,165
2736,35
2737,74
2738,89
2739,120
2740,27
2741,152
2742,184
2743,104
2744,144
2745,49
2746,183
2747,44
2748,183
2749,98
2750,14
2751,136
2752,4
2753,122
2754,63
2755,2
2756,102
2757,142
2758,70
2759,35
2760,128
2761,2
2762,73
2763,77
2764,10
2765,191
2766,104
2767,42
2768,86
2769,116
2770,193
2771,59
2772,91
2773,100
2774,11
2775,4
2776,154
2777,47
2778,51
2779,69
2780,172
2781,96
2782,44
2783,140
2784,76
2785,62
2786,57
2787,156
2788,53
2789,95
2790,62
2791,180
2792,95
2793,154
2794,122
2795,154
2796,137
2797,41
2798,144
2799,89
2800,140
2801,114
2802,193
2803,180
2804,167
2805,13
2806,154
2807,21
2808,56
2809,145
2810,185
2811,184
2812,133
2813,123
2814,191
2815,80
2816,195
2817,76
2818,72
2819,81
2820,164
2821,61
2822,1
2823,189
2824,122
2825,76
2826,64
2827,59
2828,61
2829,73
2830,172
2831,86
2832,49
2833,133
2834,137
2835,35
2836,163
2837,79
2838,91
2839,73
2840,51
2841,123
2842,192
2843,175
2844,175
2845,47
2846,167
2847,38
2848,61
2849,94
2850,164
2851,35
2852,159
2853,1
2854,192
2855,70
2856,122
2857,167
2858,177
2859,122
2860,57
2861,183
2862,93
2863,177
2864,99
2865,50
2866,183
2867,121
2868,21
2869,142
2870,53
2871,59
2872,143
2873,45
2874,1
2875,29
2876,180
2877,45
2878,137
2879,116
2880,102
2881,49
2882,69
2883,139
2884,132
2885,121
2886,70
2887,175
2888,80
2889,193
2890,50
2891,29
2892,91
2893,180
2894,123
2895,86
2896,191
2897,40
2898,189
2899,76
2900,137
2901,73
2902,56
2903,66
2904,102
2905,128
2906,145
2907,79
2908,38
2909,191
2910,40
2911,162
2912,156
2913,121
2914,114
2915,26
2916,38
2917,52
2918,171
2919,85
2920,83
2921,21
2922,59
2923,2
2924,193
2925,83
2926,62
2927,184
2928,120
2929,62
2930,139
2931,134
2932,199
2933,61
2934,174
2935,108
2936,111
2937,89
2938,76
2939,122
2940,192
2941,89
2942,132
2943,128
2944,146
2945,139
2946,90
2947,106
2948,132
2949,49
2950,163
2951,2
2952,110
2953,136
2954,64
2955,56
2956,14
2957,98
2958,150
2959,1
2960,130
2961,150
2962,146
2963,147
2964,188
2965,136
2966,163
2967,59
2968,106
2969,110
2970,82
2971,152
2972,57
2973,154
2974,67
2975,53
2976,109
2977,167
2978,40
2979,152
2980,116
2981,112
2982,41
2983,49
2984,61
2985,89
2986,87
2987,59
2988,154
2989,123
2990,195
2991,127
2992,132
2993,171
2994,11
2995,63
2996,185
2997,91
2998,81
2999,63
3000,41
3001,164
3002,31
3003,68
3004,128
3005,50
3006,51
3007,76
3008,200
3009,116
3010,46
3011,156
3012,49
3013,92
3014,62
3015,52
3016,145
3017,21
3018,73
3019,189
3020,76
3021,114
3022,44
3023,198
3024,116
3025,94
3026,132
3027,129
3028,172
3029,114
3030,127
3031,173
3032,184
3033,1
3034,82
3035,155
3036,21
3037,31
3038,138
3039,48
3040,36
3041,61
3042,94
3043,73
3044,10
3045,49
3046,68
3047,36
3048,67
3049,99
3050,147
3051,171
3052,72
3053,93
3054,170
3055,137
3056,29
3057,167
3058,192
3059,132
3060,136
3061,46
3062,174
3063,110
3064,175
3065,133
3066,64
3067,197
3068,144
3069,185
3070,1
3071,144
3072,2
3073,144
3074,192
3075,134
3076,83
3077,49
3078,147
3079,67
3080,25
3081,96
3082,136
3083,139
3084,140
3085,155
3086,147
3087,83
3088,195
3089,102
3090,173
3091,167
3092,174
3093,162
3094,163
3095,83
3096,2
3097,14
3098,189
3099,163
3100,96
3101,121
3102,161
3103,197
3104,194
3105,122
3106,200
3107,35
3108,121
3109,146
3110,30
3111,139
3112,162
3113,45
3114,27
3115,167
3116,147
3117,36
3118,96
3119,180
3120,100
3121,197
3122,62
3123,161
3124,172
3125,129
3126,174
3127,10
3128,177
3129,134
3130,26
3131,139
3132,170
3133,46
3134,51
3135,52
3136,122
3137,73
3138,199
3139,158
3140,25
3141,40
3142,131
3143,171
3144,82
3145,80
3146,123
3147,140
3148,38
3149,4
3150,30
3151,2
3152,110
3153,89
3154,40
3155,148
3156,66
3157,72
3158,112
3159,4
3160,146
3161,200
3162,123
3163,100
3164,80
3165,71
3166,198
3167,71
3168,68
3169,38
3170,92
3171,98
3172,46
3173,53
3174,200
3175,161
3176,27
3177,48
3178,170
3179,48
3180,62
3181,2
3182,109
3183,121
3184,177
3185,121
3186,144
3187,38
3188,10
3189,123
3190,13
3191,79
3192,193
3193,27
3194,170
3195,145
3196,73
3197,36
3198,137
3199,173
3200,4
3201,47
3202,200
3203,193
3204,103
3205,48
3206,170
3207,122
3208,52
3209,109
3210,96
3211,38
3212,27
3213,35
3214,165
3215,53
3216,175
3217,185
3218,171
3219,103
3220,56
3221,112
3222,27
3223,188
3224,154
3225,59
3226,88
3227,167
3228,120
3229,104
3230,128
3231,131
3232,50
3233,110
3234,54
3235,53
3236,192
3237,53
3238,40
3239,77
3240,83
3241,200
3242,4
3243,88
3244,42
3245,44
3246,131
3247,29
3248,133
3249,98
3250,186
3251,31
3252,177
3253,27
3254,172
3255,80
3256,176
3257,116
3258,1
3259,144
3260,112
3261,35
3262,173
3263,185
3264,79
3265,62
3266,45
3267,176
3268,122
3269,174
3270,116
3271,35
3272,116
3273,148
3274,130
3275,191
3276,173
3277,104
3278,14
3279,191
3280,158
3281,142
3282,110
3283,145
3284,53
3285,25
3286,194
3287,55
3288,81
3289,186
3290,123
3291,70
3292,59
3293,91
3294,109
3295,165
3296,129
3297,83
3298,56
3299,144
3300,182
3301,67
3302,106
3303,41
3304,40
3305,87
3306,72
3307,108
3308,96
3309,96
3310,70
3311,164
3312,120
3313,70
3314,74
3315,82
3316,50
3317,70
3318,59
3319,76
3320,122
3321,96
3322,25
3323,89
3324,94
3325,50
3326,182
3327,66
3328,189
3329,165
3330,45
3331,26
3332,177
3333,31
3334,100
3335,174
3336,47
3337,13
3338,116
3339,167
3340,26
3341,180
3342,161
3343,90
3344,42
3345,170
3346,194
3347,200
3348,21
3349,132
3350,73
3351,185
3352,106
3353,79
3354,64
3355,31
3356,26
3357,27
3358,137
3359,147
3360,81
3361,86
3362,50
3363,139
3364,118
3365,81
3366,91
3367,13
3368,40
3369,118
3370,158
3371,54
3372,112
3373,171
3374,98
3375,147
3376,61
3377,95
3378,100
3379,109
3380,171
3381,52
3382,143
3383,51
3384,150
3385,110
3386,192
3387,134
3388,86
3389,88
3390,123
3391,199
3392,46
3393,150
3394,167
3395,88
3396,120
3397,68
3398,184
3399,195
3400,76
3401,31
3402,62
3403,79
3404,154
3405,13
3406,61
3407,74
3408,69
3409,46
3410,156
3411,52
3412,133
3413,71
3414,46
3415,57
3416,45
3417,90
3418,10
3419,95
3420,131
3421,82
3422,173
3423,148
3424,10
3425,63
3426,4
3427,31
3428,63
3429,164
3430,122
3431,146
3432,44
3433,109
3434,66
3435,95
3436,182
3437,91
3438,133
3439,63
3440,31
3441,36
3442,128
3443,138
3444,77
3445,142
3446,145
3447,128
3448,144
3449,183
3450,171
3451,146
3452,154
3453,162
3454,38
3455,11
3456,93
3457,51
3458,175
3459,171
3460,136
3461,192
3462,174
3463,197
3464,170
3465,183
3466,74
3467,96
3468,102
3469,144
3470,55
3471,27
3472,71
3473,200
3474,138
3475,121
3476,199
3477,50
3478,191
3479,116
3480,130
3481,142
3482,132
3483,104
3484,91
3485,132
3486,164
3487,140
3488,14
3489,122
3490,142
3491,55
3492,98
3493,183
3494,30
3495,90
3496,109
3497,46
3498,95
3499,191
3500,21
3501,95
3502,94
3503,140
3504,139
3505,30
3506,145
3507,128
3508,73
3509,38
3510,82
3511,74
3512,55
3513,194
3514,27
3515,164
3516,71
3517,2
3518,44
3519,199
3520,143
3521,147
3522,98
3523,64
3524,51
3525,66
3526,82
3527,172
3528,74
3529,77
3530,47
3531,57
3532,79
3533,93
3534,93
3535,152
3536,63
3537,64
3538,182
3539,194
3540,128
3541,41
3542,136
3543,72
3544,46
3545,134
3546,92
3547,199
3548,162
3549,74
3550,106
3551,144
3552,49
3553,114
3554,159
3555,55
3556,53
3557,70
3558,64
3559,94
3560,136
3561,88
3562,36
3563,152
3564,50
3565,192
3566,167
3567,194
3568,165
3569,170
3570,158
3571,158
3572,87
3573,74
3574,2
3575,52
3576,148
3577,69
3578,180
3579,184
3580,21
3581,184
3582,1
3583,42
3584,171
3585,193
3586,96
3587,88
3588,68
3589,171
3590,55
3591,147
3592,77
3593,10
3594,130
3595,61
3596,106
3597,175
3598,91
3599,83
3600,159
3601,193
3602,114
3603,182
3604,45
3605,36
3606,103
3607,139
3608,193
3609,96
3610,92
3611,76
3612,123
3613,180
3614,99
3615,29
3616,48
3617,86
3618,159
3619,186
3620,132
3621,99
3622,191
3623,118
3624,148
3625,128
3626,111
3627,195
3628,63
3629,177
3630,156
3631,130
3632,200
3633,1
3634,121
3635,195
3636,199
3637,165
3638,1
3639,195
3640,82
3641,27
3642,61
3643,100
3644,138
3645,176
3646,80
3647,61
3648,137
3649,189
3650,122
3651,191
3652,45
3653,173
3654,183
3655,172
3656,85
3657,71
3658,136
3659,156
3660,87
3661,48
3662,30
3663,185
3664,108
3665,76
3666,159
3667,50
3668,155
3669,2
3670,29
3671,183
3672,77
3673,104
3674,110
3675,21
3676,89
3677,174
3678,69
3679,40
3680,45
3681,13
3682,182
3683,99
3684,182
3685,185
3686,35
3687,192
3688,52
3689,198
3690,170
3691,146
3692,112
3693,162
3694,30
3695,94
3696,116
3697,89
3698,136
3699,2
3700,147
3701,172
3702,61
3703,98
3704,193
3705,50
3706,184
3707,150
3708,11
3709,147
3710,96
3711,46
3712,50
3713,165
3714,99
3715,80
3716,11
3717,174
3718,66
3719,131
3720,40
3721,4
3722,180
3723,176
3724,158
3725,144
3726,63
3727,122
3728,14
3729,152
3730,27
3731,165
3732,4
3733,30
3734,158
3735,38
3736,102
3737,56
3738,46
3739,186
3740,144
3741,46
3742,106
3743,92
3744,104
3745,182
3746,198
3747,161
3748,147
3749,86
3750,29
3751,70
3752,109
3753,177
3754,99
3755,140
3756,42
3757,154
3758,133
3759,140
3760,114
3761,136
3762,93
3763,112
3764,68
3765,66
3766,83
3767,82
3768,127
3769,83
3770,51
3771,123
3772,154
3773,40
3774,83
3775,177
3776,186
3777,72
3778,146
3779,147
3780,154
3781,175
3782,133
3783,26
3784,45
3785,112
3786,177
3787,44
3788,180
3789,1
3790,175
3791,50
3792,191
3793,30
3794,180
3795,133
3796,188
3797,55
3798,21
3799,106
3800,92
3801,74
3802,163
3803,162
3804,99
3805,167
3806,1
3807,128
3808,127
3809,48
3810,11
3811,146
3812,51
3813,144
3814,200
3815,94
3816,52
3817,137
3818,198
3819,35
3820,193
3821,35
3822,121
3823,35
3824,133
3825,102
3826,133
3827,147
3828,55
3829,90
3830,71
3831,156
3832,154
3833,11
3834,64
3835,136
3836,76
3837,195
3838,10
3839,47
3840,164
3841,46
3842,80
3843,47
3844,57
3845,47
3846,81
3847,156
3848,64
3849,91
3850,137
3851,189
3852,27
3853,130
3854,98
3855,83
3856,103
3857,110
3858,70
3859,47
3860,176
3861,48
3862,64
3863,114
3864,189
3865,30
3866,86
3867,13
3868,81
3869,174
3870,68
3871,143
3872,90
3873,77
3874,155
3875,70
3876,192
3877,116
3878,184
3879,186
3880,56
3881,148
3882,47
3883,200
3884,195
3885,69
3886,56
3887,133
3888,146
3889,14
3890,51
3891,111
3892,90
3893,96
3894,86
3895,91
3896,88
3897,35
3898,154
3899,186
3900,198
3901,122
3902,59
3903,116
3904,88
3905,93
3906,55
3907,189
3908,130
3909,106
3910,114
3911,156
3912,95
3913,36
3914,140
3915,81
3916,197
3917,131
3918,165
3919,36
3920,170
3921,128
3922,25
3923,134
3924,167
3925,51
3926,66
3927,122
3928,108
3929,77
3930,199
3931,110
3932,98
3933,184
3934,100
3935,132
3936,36
3937,86
3938,13
3939,2
3940,130
3941,156
3942,138
3943,154
3944,170
3945,123
3946,183
3947,52
3948,51
3949,148
3950,61
3951,98
3952,67
3953,156
3954,114
3955,47
3956,82
3957,137
3958,138
3959,110
3960,180
3961,68
3962,143
3963,188
3964,152
3965,198
3966,136
3967,71
3968,48
3969,77
3970,10
3971,112
3972,103
3973,112
3974,104
3975,120
3976,139
3977,191
3978,121
3979,56
3980,112
3981,154
3982,52
3983,195
3984,134
3985,137
3986,194
3987,182
3988,129
3989,69
3990,79
3991,121
3992,175
3993,57
3994,164
3995,198
3996,80
3997,53
3998,98
3999,200
4000,200
4001,30
4002,191
4003,83
4004,114
4005,85
4006,199
4007,21
4008,46
4009,185
4010,118
4011,173
4012,35
4013,129
4014,147
4015,93
4016,104
4017,44
4018,142
4019,145
4020,132
4021,29
4022,81
4023,197
4024,104
4025,100
4026,134
4027,59
4028,172
4029,116
4030,200
4031,199
4032,56
4033,164
4034,123
4035,170
4036,122
4037,95
4038,74
4039,103
4040,31
4041,76
4042,54
4043,54
4044,67
4045,184
4046,54
4047,121
4048,91
4049,83
4050,146
4051,36
4052,180
4053,200
4054,86
4055,85
4056,41
4057,94
4058,137
4059,66
4060,77
4061,69
4062,25
4063,136
4064,133
4065,161
4066,85
4067,98
4068,128
4069,14
4070,159
4071,79
4072,154
4073,110
4074,138
4075,114
4076,147
4077,25
4078,118
4079,106
4080,130
4081,103
4082,148
4083,185
4084,129
4085,180
4086,68
4087,85
4088,88
4089,42
4090,146
4091,183
4092,29
4093,77
4094,122
4095,184
4096,108
4097,188
4098,193
4099,10
4100,200
4101,68
4102,183
4103,128
4104,170
4105,64
4106,89
4107,85
4108,146
4109,130
4110,25
4111,193
4112,197
4113,110
4114,131
4115,77
4116,121
4117,182
4118,142
4119,189
4120,175
4121,104
4122,50
4123,92
4124,26
4125,194
4126,159
4127,95
4128,1
4129,95
4130,173
4131,114
4132,189
4133,200
4134,176
4135,143
4136,150
4137,145
4138,45
4139,172
4140,67
4141,143
4142,193
4143,67
4144,137
4145,122
4146,162
4147,42
4148,93
4149,44
4150,142
4151,13
4152,200
4153,162
4154,56
4155,128
4156,27
4157,120
4158,62
4159,200
4160,62
4161,45
4162,152
4163,53
4164,87
4165,85
4166,93
4167,123
4168,120
4169,127
4170,67
4171,195
4172,89
4173,140
4174,48
4175,50
4176,80
4177,69
4178,62
4179,14
4180,87
4181,192
4182,42
4183,156
4184,90
4185,99
4186,108
4187,40
4188,185
4189,91
4190,136
4191,122
4192,145
4193,45
4194,186
4195,132
4196,134
4197,186
4198,152
4199,41
4200,146
4201,41
4202,93
4203,136
4204,110
4205,172
4206,10
4207,95
4208,44
4209,145
4210,140
4211,4
4212,130
4213,195
4214,102
4215,77
4216,165
4217,70
4218,21
4219,100
4220,57
4221,56
4222,156
4223,145
4224,103
4225,147
4226,89
4227,1
4228,133
4229,165
4230,52
4231,116
4232,57
4233,189
4234,150
4235,41
4236,120
4237,143
4238,73
4239,91
4240,77
4241,139
4242,112
4243,48
4244,104
4245,102
4246,155
4247,26
4248,164
4249,146
4250,104
4251,162
4252,2
4253,110
4254,90
4255,57
4256,106
4257,150
4258,13
4259,30
4260,59
4261,162
4262,48
4263,80
4264,86
4265,30
4266,86
4267,31
4268,174
4269,67
4270,85
4271,104
4272,188
4273,87
4274,102
4275,42
4276,111
4277,130
4278,1
4279,140
4280,132
4281,80
4282,47
4283,62
4284,109
4285,11
4286,173
4287,93
4288,174
4289,93
4290,139
4291,86
4292,147
4293,182
4294,118
4295,27
4296,44
4297,11
4298,103
4299,130
4300,192
4301,57
4302,129
4303,1
4304,198
4305,106
4306,182
4307,100
4308,172
4309,40
4310,21
4311,64
4312,192
4313,90
4314,123
4315,155
4316,61
4317,148
4318,109
4319,54
4320,132
